codigo_stn,local_monitoramento,ano,tipo_corpo_agua,estado,temperatura_min_c,temperatura_max_c,oxigenio_dissolvido_min,oxigenio_dissolvido_max,ph_min,ph_max,condutividade_min,condutividade_max,bod_min_mg_l,bod_max_mg_l,nitrato_min_mg_l,nitrato_max_mg_l,coliformes_fecais_min,coliformes_fecais_max,coliformes_totais_min,coliformes_totais_max,fecal_min,fecal_max,temperatura_media_c,oxigenio_dissolvido_medio,ph_medio,condutividade_media,bod_medio_mg_l,nitrato_medio_mg_l,coliformes_fecais_medio,coliformes_totais_medio,fecal_medio
4085,"RIVER JUMAR AT BIT MESRA, RANCHI",2022,RIVER,JHARKHAND,12.0,29.0,3.3,5.2,6.5,6.6,,,2.0,2.9,,,,,,,,,20.5,4.25,6.55,,2.45,,,,
2396,RIVER JUMAR AT KANKE DAM,2022,RIVER,JHARKHAND,12.0,26.0,5.9,7.2,7.5,7.6,,,1.9,3.2,,,,,,,,,19.0,6.550000000000001,7.55,,2.55,,,,
2401,RIVER AJAY AT MASANJORE DAM,2022,RIVER,JHARKHAND,17.0,36.0,5.8,6.6,7.5,7.8,94.0,318.0,1.3,1.6,,,,,,,,,26.5,6.199999999999999,7.65,206.0,1.4500000000000002,,,,
3554,"RIVER KONAR NEAR SWANG COAL WASHERY, BOKARO",2022,RIVER,JHARKHAND,19.0,34.0,7.4,7.8,7.3,7.6,,,1.8,2.7,,,,,,,,,26.5,7.6,7.449999999999999,,2.25,,,,
2390,RIVER KONAR AT TENUGHAT DAM,2022,RIVER,JHARKHAND,16.0,33.0,7.4,8.0,7.4,7.8,,,1.3,2.0,,,,,,,,,24.5,7.7,7.6,,1.65,,,,
4000,RIVER GARGA NEAR TELMUCHO BRIDGE,2022,RIVER,JHARKHAND,15.0,30.0,6.5,7.5,7.2,7.5,,,2.2,3.6,,,,,,,,,22.5,7.0,7.35,,2.9000000000000004,,,,
2381,RIVER BOKARO AT ZARANGDIH BRIDGE,2022,RIVER,JHARKHAND,18.5,33.5,7.3,8.1,7.0,7.6,,,1.6,2.8,,,,,,,,,26.0,7.699999999999999,7.3,,2.2,,,,
1034,"RIVER SANKH AT BOLBA, JHARKHAND",2022,RIVER,JHARKHAND,12.0,27.0,7.8,8.5,7.3,7.5,,,1.1,1.8,,,,,,,,,19.5,8.15,7.4,,1.4500000000000002,,,,
2392,RIVER BARAKAR AT MAITHAN DAM,2022,RIVER,JHARKHAND,13.0,26.0,7.3,7.8,7.4,7.6,,,1.3,2.3,,,,,,,,,19.5,7.55,7.5,,1.7999999999999998,,,,
3555,"RIVER DAMODAR NEAR ZARANGDIH BRIDGE, BOKARO",2022,RIVER,JHARKHAND,18.0,33.0,7.5,8.7,7.4,7.6,,,1.8,2.7,,,,,,,,,25.5,8.1,7.5,,2.25,,,,
4083,"RIVER DAMODAR NEAR ROHINI PROJECT, NK AREA, PO-DAKRA, RANCHI",2022,RIVER,JHARKHAND,14.0,26.0,6.7,8.5,6.6,8.0,,,1.5,3.0,,,,,,,,,20.0,7.6,7.3,,2.25,,,,
3553,RIVER DAMODAR NEAR TELMUCHO BRIDGE,2022,RIVER,JHARKHAND,14.5,30.0,7.3,8.5,7.4,7.7,,,2.3,3.4,,,,,,,,,22.25,7.9,7.550000000000001,,2.8499999999999996,,,,
1510,RIVER TONS AT TIUNI (HIMACHAL PRADESH/UTTRA KHAND BORDER),2022,RIVER,HIMACHAL PRADESH,8.0,24.0,7.1,9.0,7.52,8.14,55.0,1000.0,,,0.37,1.9,2.0,33.0,7.8,920.0,,2.0,16.0,8.05,7.83,527.5,,1.135,8.12403840463596,84.71127433818948,
30023,RIVER TONS AT HARIPUR (U.K.),2022,RIVER,UTTARAKHAND,14.0,23.5,8.7,9.4,8.1,8.5,158.0,290.0,,,0.32,0.52,4.0,21000.0,13.0,79000.0,2.0,,18.75,9.05,8.3,224.0,,0.42000000000000004,289.8275349237888,1013.4100848126586,
4027,RIVER GIRI D/S RAJGARH TOWN,2022,RIVER,HIMACHAL PRADESH,21.0,26.0,7.5,8.3,7.55,8.27,277.0,557.0,,,0.32,1.19,26.0,40.0,130.0,210.0,,,23.5,7.9,7.91,417.0,,0.755,32.2490309931942,165.22711641858305,
4028,"RIVER GIRI D/S KALGIDHAR TRUST, BARU SAHIB",2022,RIVER,HIMACHAL PRADESH,20.0,27.0,7.4,8.2,7.79,8.25,275.0,687.0,,,0.32,1.23,26.0,39.0,130.0,280.0,,,23.5,7.8,8.02,481.0,,0.775,31.843366656181317,190.78784028338913,
4427,RIVER GIRI U/S CHAILLA,2022,RIVER,HIMACHAL PRADESH,7.0,23.0,7.0,8.6,7.23,8.18,61.0,1553.0,,,0.37,2.36,4.0,17.0,6.8,1600.0,,,15.0,7.8,7.705,807.0,,1.365,8.246211251235321,104.30723848324239,
2621,RIVER GIRI AT D/S YASHWANT NAGAR AFTER CONF. WITH ASHWANI KHAD AT YASHWANT NAGAR- NEAR SHANI MANDIR,2022,RIVER,HIMACHAL PRADESH,8.0,16.0,6.9,8.6,7.54,8.3,181.0,646.0,,,1.01,12.12,2.0,1600.0,26.0,1600.0,,,12.0,7.75,7.92,413.5,,6.5649999999999995,56.568542494923804,203.9607805437114,
3876,RIVER GIRI AFTER CONFLUENCE OF ASHWANI RIVER AT VILLAGE MARYOG,2022,RIVER,HIMACHAL PRADESH,7.0,18.0,7.5,8.9,7.54,8.48,164.0,750.0,,,0.89,7.49,2.0,79.0,21.0,1600.0,,,12.5,8.2,8.01,457.0,,4.19,12.569805089976535,183.3030277982336,
2622,RIVER GIRI AT U/S CCI MINES AT VILLAGE NADI,2022,RIVER,HIMACHAL PRADESH,20.0,27.0,6.9,8.2,7.77,8.32,310.0,1079.0,,,0.32,0.85,13.0,33.0,40.0,170.0,,,23.5,7.55,8.045,694.5,,0.585,20.71231517720798,82.46211251235322,
2623,RIVER GIRI D/S SATAUN,2022,RIVER,HIMACHAL PRADESH,19.0,27.0,7.4,8.1,7.64,8.29,334.0,1065.0,,,0.32,1.0,14.0,39.0,40.0,220.0,,,23.0,7.75,7.965,699.5,,0.66,23.366642891095847,93.8083151964686,
3877,RIVER GIRI U/S LWSS AT SAINJ,2022,RIVER,HIMACHAL PRADESH,8.0,24.0,6.8,8.5,7.38,8.13,49.0,1612.0,,,0.37,2.82,4.0,39.0,14.0,1600.0,,,16.0,7.65,7.755000000000001,830.5,,1.595,12.489995996796797,149.66629547095766,
3878,RIVER GIRI D/S LWSS AT SAINJ,2022,RIVER,HIMACHAL PRADESH,8.0,23.0,6.9,8.5,7.37,8.17,59.0,1602.0,,,0.32,5.57,9.0,27.0,17.0,1600.0,,,15.5,7.7,7.77,830.5,,2.9450000000000003,15.588457268119896,164.92422502470643,
3860,"RIVER GIRI D/S CEMENT CORPORATION OF INDIA, RAJBAN AT BANGRAN BRIDGE",2022,RIVER,HIMACHAL PRADESH,19.0,26.0,7.4,8.0,7.6,8.16,359.0,918.0,,,0.32,0.91,17.0,33.0,46.0,170.0,,,22.5,7.7,7.88,638.5,,0.615,23.68543856465402,88.43076387773658,
1614,"RIVER BETWA NEAR WATER SUPPLY INTAKE WELL , VIDISHA(M.P)",2022,RIVER,MADHYA PRADESH,17.0,32.0,4.7,12.4,6.96,8.25,149.0,710.0,1.4,5.0,2.88,10.44,3.0,70.0,120.0,350.0,,,24.5,8.55,7.605,429.5,3.2,6.66,14.491376746189438,204.93901531919198,
2107,"RIVER BETWA AT U/S AT MAHUTA GHAT, AGASOD, BINA",2022,RIVER,MADHYA PRADESH,21.0,31.0,6.0,7.5,7.32,8.22,215.0,551.0,1.1,1.8,0.33,2.25,2.0,5.6,27.0,79.0,,,26.0,6.75,7.7700000000000005,383.0,1.4500000000000002,1.29,3.3466401061363023,46.184412955021955,
2108,"RIVER BETWA AT M/S J.P. THERMAL POWER, BINA",2022,RIVER,MADHYA PRADESH,21.0,31.0,6.1,7.8,7.36,8.32,216.0,566.0,1.1,1.9,0.34,2.11,2.0,2.0,26.0,63.0,,,26.0,6.949999999999999,7.84,391.0,1.5,1.2249999999999999,2.0,40.47221268969612,
2124,"RIVER BETWA AT CHARANTIRGHAT, VIDISHA",2022,RIVER,MADHYA PRADESH,5.0,32.0,5.0,13.6,7.32,8.86,164.0,1056.0,1.2,20.4,5.2,14.59,3.0,280.0,120.0,1600.0,,,18.5,9.3,8.09,610.0,10.799999999999999,9.895,28.982753492378876,438.1780460041329,
2125,RIVER BETWA D/S AFTER MIXING OF RIVER BAIS AT VIDISHA,2022,RIVER,MADHYA PRADESH,18.0,32.0,5.5,13.3,7.08,8.27,154.0,1094.0,1.5,16.8,3.02,16.28,6.0,170.0,150.0,1600.0,,,25.0,9.4,7.675,624.0,9.15,9.65,31.937438845342623,489.89794855663564,
3832,RIVER BETWA AT U/S NEAR ROAD BRIDGE ORCHHA,2022,RIVER,MADHYA PRADESH,22.0,30.0,6.6,7.5,7.28,8.38,199.0,532.0,1.1,2.1,0.32,0.53,,,22.0,84.0,,,26.0,7.05,7.83,365.5,1.6,0.42500000000000004,,42.988370520409354,
30080,"RIVER BETWA AT KANJIA ROAD BRIDGE, KANJIA DIST.ASHOK NAGAR (M.P.)",2022,RIVER,MADHYA PRADESH,21.4,32.6,7.9,10.2,7.83,8.14,285.0,499.0,1.6,3.3,0.32,1.9,2000.0,22000.0,4500.0,790000.0,,,27.0,9.05,7.985,392.0,2.45,1.1099999999999999,6633.2495807108,59623.820743055374,
2953,"RIVER KALI SINDH AT ANICUT OF M/S CFCL GADEPAN, KOTA, RAJASTHAN",2022,RIVER,RAJASTHAN,21.0,34.0,3.7,5.6,7.98,8.46,390.0,808.0,1.2,2.2,0.83,2.62,33.0,84.0,75.0,220.0,23.0,38.0,27.5,4.65,8.22,599.0,1.7000000000000002,1.725,52.64978632435273,128.4523257866513,29.563490998188964
2956,"RIVER KALI SINDH AT BAROD ROAD BRIDGE, KOTA, RAJASTHAN",2022,RIVER,RAJASTHAN,22.0,34.0,3.7,5.1,8.15,8.56,485.0,1445.0,1.2,2.1,1.71,2.97,23.0,84.0,64.0,210.0,14.0,25.0,28.0,4.4,8.355,965.0,1.65,2.34,43.95452195167182,115.9310139695155,18.708286933869708
2951,"RIVER BANAS BISULPUR DAM, TONK, RAJASTHAN",2022,RIVER,RAJASTHAN,17.0,32.0,3.7,6.2,8.1,8.55,525.0,819.0,1.1,2.1,0.84,3.43,49.0,110.0,110.0,280.0,17.0,32.0,24.5,4.95,8.325,672.0,1.6,2.1350000000000002,73.41661937191061,175.49928774784243,23.323807579381203
2952,"RIVER NEAR NEWTA DAM,JAIPUR,RAJSTHAN",2022,RIVER,RAJASTHAN,18.0,31.0,1.6,2.9,7.97,8.82,1918.0,3040.0,3.3,5.4,2.58,6.56,130.0,240.0,430.0,540.0,,,24.5,2.25,8.395,2479.0,4.35,4.57,176.63521732655693,481.8713521262703,
2955,"RIVER CHAMBAL ENTERING IN RAJASTHAN AT GANDHI SAGAR DAM, RAWATBHATA,CHITTORGARH",2022,RIVER,RAJASTHAN,17.0,31.0,5.0,6.6,7.1,8.38,330.0,682.0,1.1,3.6,1.21,3.42,90.0,140.0,210.0,280.0,21.0,29.0,24.0,5.8,7.74,506.0,2.35,2.315,112.24972160321825,242.4871130596428,24.677925358506133
3309,"RIVER CHAMBAL AT TAL VILLAGE NEAR BRIDGE, UJJAIN",2022,RIVER,MADHYA PRADESH,22.0,30.0,6.4,7.7,7.26,8.05,192.0,2057.0,2.0,6.0,0.66,2.62,6.0,920.0,48.0,1600.0,2.0,2.0,26.0,7.050000000000001,7.655,1124.5,4.0,1.6400000000000001,74.29670248402684,277.1281292110204,2.0
4349,"SEA WATER, BAY OF BENGAL, AFTER CONFLUENCE OF MARINE OUTFALL OF M/S.AUROBINDO PHARMA LTD. PYDIBHEEMAVARAM (V), RANASTHALAM (M)",2022,MARINE,ANDHRA PRADESH,21.0,30.0,5.2,7.2,7.4,8.4,13800.0,57300.0,1.2,2.5,0.32,1.38,3.0,7.0,48.0,120.0,,,25.5,6.2,7.9,35550.0,1.85,0.85,4.58257569495584,75.8946638440411,
4352,"SEA WAER BAY OF BENGAL, AFTER CONFLUENCE OF MARINE OUTFALL OF M/S MATRIX LABORATORIES LTD THAMMAYYAPALEM (V) PUSAPATIREGA (M)",2022,MARINE,ANDHRA PRADESH,25.0,28.0,5.2,6.6,7.7,8.5,32200.0,56400.0,1.4,2.8,0.32,0.88,3.0,11.0,39.0,210.0,,,26.5,5.9,8.1,44300.0,2.0999999999999996,0.6,5.744562646538029,90.49861877399013,
4357,"RUSHIKONDA BEACH,VISAKHAPATNAM",2022,BEACH,ANDHRA PRADESH,25.0,29.0,4.8,7.0,7.7,8.5,31700.0,55700.0,1.2,2.9,0.32,1.13,3.0,14.0,39.0,150.0,,,27.0,5.9,8.1,43700.0,2.05,0.725,6.48074069840786,76.48529270389177,
4361,"SEA WATER BAY BENGAL, UPPADA BEACH ROAD, KAKINADA",2022,BEACH,ANDHRA PRADESH,25.0,28.0,4.5,7.9,7.8,8.5,4800.0,51400.0,2.2,2.8,0.42,1.32,3.0,20.0,48.0,150.0,,,26.5,6.2,8.15,28100.0,2.5,0.87,7.745966692414834,84.8528137423857,
4362,"SEA WATER, BAY OF BENGAL NEAR DEEP WATER PORT, KAKINADA (1KM AWAY FROM JETTY)",2022,SEA,ANDHRA PRADESH,25.0,27.0,5.3,8.0,7.4,8.4,861.0,50300.0,2.2,3.9,0.82,3.32,4.0,23.0,75.0,460.0,,,26.0,6.65,7.9,25580.5,3.05,2.07,9.591663046625438,185.7417562100671,
4363,"SEA WATER BAY OF BENGAL NEAR KUMBHABHISHEKAM TEMPALE, KAKINADA",2022,SEA,ANDHRA PRADESH,24.0,26.0,5.7,7.5,7.1,8.2,481.0,47000.0,2.2,2.8,0.9,4.27,3.0,21.0,64.0,460.0,,,25.0,6.6,7.6499999999999995,23740.5,2.5,2.585,7.937253933193772,171.58088471621772,
4371,"SEA WATER, BAY OF BENGAL AFTER CONFLUENCE OF RIVER VASHISTA GODAVARI AT CHINNAMAINAVARILANKA (V), NARSAPUR (M)",2022,MARINE,ANDHRA PRADESH,22.0,30.0,5.1,8.0,7.8,8.4,7300.0,51500.0,1.3,2.0,0.38,1.15,3.0,14.0,49.0,120.0,,,26.0,6.55,8.1,29400.0,1.65,0.7649999999999999,6.48074069840786,76.68115805072325,
4378,"SEA WATER, BAY OF BENGAL, MANGINAPUDI BEACH, MACHILIPATNAM (V & M)",2022,BEACH,ANDHRA PRADESH,25.0,27.0,5.5,6.8,7.5,8.0,38200.0,58500.0,2.4,2.8,0.83,1.82,3.0,11.0,75.0,252.0,2.0,4.0,26.0,6.15,7.75,48350.0,2.5999999999999996,1.325,5.744562646538029,137.4772708486752,2.8284271247461903
4383,"SEA WATER BAY OF BENGAL, FISHING HARBOUR, NIZAMPATNAM (V & M)",2022,MARINE,ANDHRA PRADESH,22.0,24.0,4.6,6.7,7.3,8.0,26000.0,56200.0,2.3,2.9,0.74,1.93,3.0,13.0,64.0,272.0,2.0,5.0,23.0,5.65,7.65,41100.0,2.5999999999999996,1.335,6.244997998398398,131.93938001976514,3.1622776601683795
4385,"SEA WATER, BAY OF BENGAL, KOTHAPATNAM BEACH",2022,BEACH,ANDHRA PRADESH,22.0,26.0,5.1,6.6,7.5,8.3,33120.0,57680.0,2.3,2.8,0.72,1.81,3.0,18.0,64.0,354.0,2.0,6.0,24.0,5.85,7.9,45400.0,2.55,1.2650000000000001,7.3484692283495345,150.51910177781423,3.4641016151377544
4386,"SEA WATER, BAY OF BENGAL, VODAREVU BEACH, CHIRALA",2022,BEACH,ANDHRA PRADESH,22.0,25.0,5.4,6.7,7.6,8.1,32900.0,56900.0,2.6,2.9,0.72,1.66,3.0,10.0,75.0,210.0,2.0,5.0,23.5,6.050000000000001,7.85,44900.0,2.75,1.19,5.477225575051661,125.49900398011133,3.1622776601683795
4387,"SEA WATER, BAY OF BENGAL, KRISHNAPATNAM PORT",2022,MARINE,ANDHRA PRADESH,19.0,21.0,5.6,6.7,7.2,8.0,31200.0,52900.0,2.4,2.9,0.42,1.53,3.0,11.0,64.0,243.0,2.0,4.0,20.0,6.15,7.6,42050.0,2.65,0.975,5.744562646538029,124.70765814495917,2.8284271247461903
4013,TIRACOL BEACH,2022,BEACH,GOA,28.0,30.0,5.9,7.5,7.2,8.3,30500.0,52560.0,1.0,2.3,0.32,2.27,13.0,350.0,23.0,540.0,5.0,170.0,29.0,6.7,7.75,41530.0,1.65,1.295,67.45368781616021,111.44505372604026,29.154759474226502
4014,MIRAMAR BEACH,2022,BEACH,GOA,28.0,32.0,5.9,7.6,7.7,8.5,8856.0,55850.0,1.0,2.0,0.32,0.38,79.0,350.0,110.0,540.0,23.0,94.0,30.0,6.75,8.1,32353.0,1.5,0.35,166.2828914831589,243.7211521390788,46.49731175025068
4015,CALANGUTE BEACH,2022,BEACH,GOA,27.0,30.0,5.7,7.5,7.4,8.4,29950.0,53320.0,1.0,1.9,0.32,0.42,49.0,350.0,79.0,540.0,4.0,94.0,28.5,6.6,7.9,41635.0,1.45,0.37,130.95800853708795,206.54297373670207,19.390719429665317
4016,MORJIM BEACH,2022,BEACH,GOA,28.0,30.0,5.5,7.3,7.3,8.7,15820.0,56510.0,1.0,2.1,0.32,0.32,13.0,220.0,23.0,280.0,8.0,110.0,29.0,6.4,8.0,36165.0,1.55,0.32,53.47896782848375,80.24961059095551,29.664793948382652
3051,"BUDAMERU CANAL NEAR BDG AT NH-5, KEESARAPALLI (V), GANNAVARAM (M)",2023,CANAL,ANDHRA PRADESH,24.0,25.0,1.6,3.1,6.7,8.0,810.0,1100.0,9.0,23.0,2.7,7.9,120.0,260.0,1100.0,4900.0,11.0,11.0,24.5,2.35,7.35,955.0,16.0,5.300000000000001,176.63521732655693,2321.63735324878,11.0
4356,"ELERU CANAL, NEAR PHARMA CITY,THADI (V),PARAVADA (M)",2023,CANAL,ANDHRA PRADESH,25.0,30.0,4.5,6.5,7.3,8.3,275.0,75.0,1.1,2.8,0.3,0.9,3.0,21.0,75.0,460.0,2.0,2.0,27.5,5.5,7.800000000000001,175.0,1.95,0.6,7.937253933193772,185.7417562100671,2.0
4370,"KRISHNA CANAL AT HANUMAN NAGAR, NEAR SAIBABA TEMPLE, ELURU",2023,CANAL,ANDHRA PRADESH,22.0,28.0,4.2,8.4,7.5,8.0,132.0,120.0,1.2,2.8,0.3,2.9,7.0,21.0,120.0,460.0,,,25.0,6.300000000000001,7.75,126.0,2.0,1.5999999999999999,12.12435565298214,234.9468024894146,
2354,"SAMARLA KOTA CANAL,SAMARLA KOTA (V & M)",2023,CANAL,ANDHRA PRADESH,25.0,27.0,3.4,7.0,6.3,8.4,241.0,64.0,2.4,5.2,0.3,2.9,7.0,28.0,64.0,1100.0,4.0,4.0,26.0,5.2,7.35,152.5,3.8,1.5999999999999999,14.0,265.329983228432,4.0
4374,"GOSTTA NADI- VELPURU CANAL AT HANUMAN TEMPLE, DOWNSTREAM OF TANUKU TOWN, TANUKU",2023,CANAL,ANDHRA PRADESH,22.0,30.0,3.4,8.1,7.2,8.4,130.0,120.0,1.6,4.2,0.3,8.6,4.0,11.0,120.0,240.0,,,26.0,5.75,7.800000000000001,125.0,2.9000000000000004,4.45,6.6332495807108,169.7056274847714,
2057,"AGRA CANAL, MADANPUR KHADAR, DELHI",2023,CANAL,DELHI,,,0.3,1.5,6.9,7.7,,,32.0,46.0,,,110000.0,340000.0,,,,,,0.9,7.300000000000001,,39.0,,193390.79605813717,,
1479,"WESTERN YAMUNA CANAL AT HAIDERPUR WATER WORKS, DELHI",2023,CANAL,DELHI,,,,,7.1,7.8,,,,,0.3,0.6,,,,,,,,,7.449999999999999,,,0.44999999999999996,,,
2265,"CANAL UP STREAM OF CUNCOLIM INDL.EST. CUNCOLIM, SALCETE (1 KM FROM M/S NICOMENT INDUSTRIES)",2023,CANAL,GOA,27.0,31.0,5.0,7.4,5.7,7.3,33.0,1400.0,1.0,1.7,0.3,0.8,1100.0,2200.0,1400.0,9200.0,140.0,140.0,29.0,6.2,6.5,716.5,1.35,0.55,1555.6349186104046,3588.871688985272,140.0
2266,"CANAL DOWNSTREAM OF CUNCOLIM INDL.EST. CUNCOLIM, SALCETE (NEAR RAILWAY BRIDGE)",2023,CANAL,GOA,26.0,31.0,4.4,8.2,5.9,7.4,32.0,400.0,1.0,2.0,0.3,1.6,200.0,2700.0,400.0,7900.0,78.0,78.0,28.5,6.3,6.65,216.0,1.5,0.9500000000000001,734.8469228349534,1777.6388834631177,78.0
2268,CUMBARJUA CANAL CORLIM(DISCHARGE POINT OF SYNGENTA LIMITED),2023,CANAL,GOA,26.0,30.0,4.2,7.5,6.7,7.8,335.0,920.0,1.1,1.9,0.3,0.6,140.0,2700.0,920.0,3500.0,79.0,79.0,28.0,5.85,7.25,627.5,1.5,0.44999999999999996,614.8170459575759,1794.435844492636,79.0
2073,"NARMADA MAIN CANAL, NR. VILLAGE. LIMBADIA, DIST. GANDHINAGAR,NARMADA CANAL AT LIMBADIYA",2023,CANAL,GUJARAT,27.0,33.0,4.8,7.6,7.4,8.3,212.0,4.0,1.0,1.3,0.3,1.3,2.0,2.0,4.0,21.0,,,30.0,6.199999999999999,7.8500000000000005,108.0,1.15,0.8,2.0,9.16515138991168,
5521,"NEAR AZARA RAILWAY STATION, GANAKPARA CHAKARDOI",2023,LAKE,ASSAM,23.0,34.0,5.1,9.6,6.6,8.0,236.0,302.0,3.5,5.8,1.3,2.1,2.0,1500.0,360.0,3500.0,2.0,490.0,28.5,7.35,7.3,269.0,4.65,1.7000000000000002,54.772255750516614,1122.4972160321825,31.304951684997057
5522,AT THE CENTER OF DEEPORBEEL,2023,LAKE,ASSAM,23.0,32.0,5.6,10.4,7.0,9.2,238.0,316.0,5.0,6.0,1.2,2.4,300.0,730.0,2.0,1600.0,2.0,240.0,27.5,8.0,8.1,277.0,5.5,1.7999999999999998,467.9743582719036,56.568542494923804,21.908902300206645
3821,"DIPLAI BEEL AT SILGARA, KOKRAJHAR",2023,LAKE,ASSAM,21.0,34.0,5.2,5.6,7.0,7.6,118.0,136.0,1.9,2.5,0.8,2.0,300.0,360.0,720.0,1400.0,95.0,150.0,27.5,5.4,7.3,127.0,2.2,1.4,328.63353450309967,1003.9920318408906,119.37336386313322
5619,DOLOO LAKE AT CACHAR,2023,LAKE,ASSAM,23.0,27.0,5.1,5.5,6.8,7.4,132.0,142.0,2.3,5.5,0.7,1.1,300.0,620.0,730.0,1500.0,95.0,290.0,25.0,5.3,7.1,137.0,3.9,0.9,431.2771730569565,1046.4224768228175,165.98192672697832
1263,"ELANGABEEL SYSTEM (CONNECTED TO R. KOLONG), ASSAM",2023,LAKE,ASSAM,16.0,34.0,4.3,5.5,7.0,7.5,236.0,280.0,2.3,2.8,1.0,2.2,300.0,730.0,720.0,2000.0,95.0,240.0,25.0,4.9,7.25,258.0,2.55,1.6,467.9743582719036,1200.0,150.99668870541498
5623,"HAFLONG LAKE, HAFLONG TOWN",2023,LAKE,ASSAM,17.0,24.0,5.1,5.8,6.8,7.2,129.0,192.0,2.2,2.6,0.8,1.0,300.0,360.0,620.0,1500.0,95.0,150.0,20.5,5.449999999999999,7.0,160.5,2.4000000000000004,0.9,328.63353450309967,964.3650760992955,119.37336386313322
3787,"HOLLUNGA BEEL NEAR GAI NADI/ RIVER AT SOMARAJAN, DHEMA JI",2023,LAKE,ASSAM,22.0,24.0,4.5,7.8,6.9,7.3,96.0,148.0,2.0,2.6,0.6,2.0,300.0,620.0,600.0,1300.0,95.0,210.0,23.0,6.15,7.1,122.0,2.3,1.3,431.2771730569565,883.1760866327846,141.24446891825534
5617,"JUGIBEEL , GOLAGHAT",2023,LAKE,ASSAM,21.0,34.0,5.0,8.0,6.8,7.7,92.0,106.0,2.0,2.6,0.6,0.9,300.0,360.0,620.0,1500.0,95.0,150.0,27.5,6.5,7.25,99.0,2.3,0.75,328.63353450309967,964.3650760992955,119.37336386313322
4337,"KAMALABARI LAKE INSIDE KAMALABARI CHILDREN'S PARK, GELEKY",2023,LAKE,ASSAM,19.0,32.0,5.1,7.4,6.6,7.5,78.0,106.0,1.9,2.5,0.6,1.4,720.0,360.0,600.0,910.0,110.0,140.0,25.5,6.25,7.05,92.0,2.2,1.0,509.11688245431424,738.9181280764467,124.09673645990857
3812,"KAMALPUR BEEL, KAMALPUR",2023,LAKE,ASSAM,20.0,37.0,0.3,6.2,7.1,7.7,1007.0,1062.0,21.0,26.2,2.0,3.6,360.0,2100.0,1500.0,3600.0,210.0,490.0,28.5,3.25,7.4,1034.5,23.6,2.8,869.4826047713664,2323.7900077244503,320.7802986469088
5621,"LAUKHOWABEEL,DHUBRI",2023,LAKE,ASSAM,22.0,35.0,5.0,5.6,7.0,7.5,122.0,162.0,2.1,2.6,0.6,1.1,620.0,720.0,720.0,2000.0,95.0,210.0,28.5,5.3,7.25,142.0,2.35,0.8500000000000001,668.1317235396026,1200.0,141.24446891825534
3783,"MAGURI BEEL, GUIJAN, TINSUKIA",2023,LAKE,ASSAM,23.0,27.0,5.1,9.7,6.6,7.2,110.0,168.0,1.9,2.7,0.5,1.8,360.0,620.0,730.0,1500.0,95.0,210.0,25.0,7.3999999999999995,6.9,139.0,2.3,1.15,472.4404724407087,1046.4224768228175,141.24446891825534
5622,"MAGURI BEEL NEAR BRIDGE,TINSUKIA",2023,LAKE,ASSAM,22.0,26.0,5.0,9.5,6.7,8.0,120.0,162.0,1.8,2.7,0.6,1.2,300.0,360.0,610.0,1400.0,93.0,160.0,24.0,7.25,7.35,141.0,2.25,0.8999999999999999,328.63353450309967,924.1212041718337,121.98360545581525
3800,MALINI BEEL NEAR INDUTRIAL AREA AT RAMNAGAR,2023,LAKE,ASSAM,22.0,24.0,4.0,5.5,6.5,7.3,132.0,172.0,2.1,2.7,0.8,1.7,300.0,600.0,910.0,1400.0,95.0,210.0,23.0,4.75,6.9,152.0,2.4000000000000004,1.25,424.26406871192853,1128.716084761797,141.24446891825534
2205,"MER BEEL AT MADHABPUR, ASSAM",2023,LAKE,ASSAM,22.0,23.0,5.0,7.1,6.8,7.3,120.0,154.0,2.0,2.4,0.6,1.8,730.0,620.0,720.0,1500.0,95.0,210.0,22.5,6.05,7.05,137.0,2.2,1.2,672.7555276621664,1039.2304845413264,141.24446891825534
5620,"PANIDIHING BIRD SANCTUARY ,SIVASAGAR",2023,LAKE,ASSAM,21.0,39.0,5.1,6.1,6.8,7.4,92.0,112.0,2.0,2.4,0.7,1.2,300.0,910.0,1100.0,2100.0,180.0,340.0,30.0,5.6,7.1,102.0,2.2,0.95,522.4940191045253,1519.8684153570664,247.38633753705963
3808,PARASHALI BEEL AT DEMORIA,2023,LAKE,ASSAM,21.0,34.0,5.0,7.2,7.0,7.5,102.0,138.0,2.0,2.7,0.7,2.6,300.0,610.0,600.0,1400.0,95.0,210.0,27.5,6.1,7.25,120.0,2.35,1.65,427.78499272414876,916.515138991168,141.24446891825534
3798,SAMAGURI BEEL IN NAGAON DISTRICT,2023,LAKE,ASSAM,16.0,34.0,4.9,5.9,6.8,7.3,90.0,120.0,2.0,2.5,0.6,1.7,300.0,620.0,910.0,1400.0,95.0,210.0,25.0,5.4,7.05,105.0,2.25,1.15,431.2771730569565,1128.716084761797,141.24446891825534
2215,"SARAN BEEL, ASSAM",2023,LAKE,ASSAM,18.0,36.0,5.3,9.3,6.8,8.0,84.0,128.0,1.8,2.5,0.4,1.6,300.0,360.0,620.0,1100.0,93.0,150.0,27.0,7.300000000000001,7.4,106.0,2.15,1.0,328.63353450309967,825.8329128825031,118.11011811017717
3814,"SILSAKO BEEL, CHACHAL, GUWAHATI",2023,LAKE,ASSAM,18.0,30.0,0.3,4.6,7.0,7.5,370.0,446.0,10.6,19.2,0.7,2.0,1500.0,2800.0,2700.0,3600.0,460.0,490.0,24.0,2.4499999999999997,7.25,408.0,14.899999999999999,1.35,2049.3901531919196,3117.691453623979,474.76309881876875
3804,SON BEEL WATER AT KARIMGANJ,2023,LAKE,ASSAM,20.0,24.0,4.5,6.9,6.8,7.3,112.0,136.0,2.0,2.8,0.7,1.2,300.0,620.0,910.0,1200.0,95.0,210.0,22.0,5.7,7.05,124.0,2.4,0.95,431.2771730569565,1044.9880382090505,141.24446891825534
3819,"SORU SOLA BEEL, PALTAN BAZAR, GUWAHATI",2023,LAKE,ASSAM,19.0,30.0,0.3,1.1,7.0,7.5,370.0,440.0,14.6,25.8,0.7,5.6,2800.0,3600.0,4200.0,5300.0,460.0,490.0,24.5,0.7000000000000001,7.25,405.0,20.2,3.15,3174.9015732775088,4718.05044483418,474.76309881876875
2225,"BASKANDI POND INSIDE THE BASKANDI MADRASA, BASKANDI, ASSAM",2023,POND,ASSAM,19.0,23.0,4.1,5.6,6.8,7.3,90.0,126.0,2.0,2.9,0.7,1.1,620.0,620.0,910.0,1300.0,95.0,210.0,21.0,4.85,7.05,108.0,2.45,0.9,620.0,1087.6580344942981,141.24446891825534
2214,"BATODRAWA SATRA POND, NAGAON, ASSAM",2023,POND,ASSAM,18.0,32.0,5.0,7.6,6.7,7.8,81.0,112.0,1.8,2.7,0.8,1.9,300.0,360.0,730.0,1200.0,95.0,240.0,25.0,6.3,7.25,96.5,2.25,1.35,328.63353450309967,935.9487165438072,150.99668870541498
2219,"BISHNU PUSKAR PUKHURI OF HAYAGRIB MADHAB TEMPLE, HAJO, ASSAM",2023,POND,ASSAM,22.0,34.0,6.1,10.9,6.8,7.8,174.0,262.0,2.0,2.6,0.5,1.8,300.0,730.0,720.0,2000.0,93.0,210.0,28.0,8.5,7.3,218.0,2.3,1.15,467.9743582719036,1200.0,139.7497763862254
2208,"BORPUKHURI, NAZIRA, ASSAM",2023,POND,ASSAM,20.0,34.0,5.2,7.9,6.8,7.5,92.0,114.0,1.9,2.8,0.7,1.2,300.0,360.0,700.0,910.0,110.0,140.0,27.0,6.550000000000001,7.15,103.0,2.3499999999999996,0.95,328.63353450309967,798.1227975693965,124.09673645990857
3772,BORPUKHURI AT SONARI,2023,POND,ASSAM,21.0,36.0,5.1,8.4,6.8,7.8,98.0,128.0,2.1,2.8,0.5,1.1,300.0,360.0,700.0,1100.0,110.0,140.0,28.5,6.75,7.3,113.0,2.45,0.8,328.63353450309967,877.4964387392122,124.09673645990857
2216,"DIGHALI PUKHURI, GUWAHATI, ASSAM",2023,POND,ASSAM,20.0,36.0,5.1,10.0,7.9,8.2,168.0,192.0,2.3,2.8,0.6,1.6,360.0,730.0,1400.0,1600.0,120.0,290.0,28.0,7.55,8.05,180.0,2.55,1.1,512.6402247190518,1496.6629547095765,186.5475810617763
2221,"GANGA PUKHURI, NALBARI (GORDON SCHOOL), ASSAM",2023,POND,ASSAM,22.0,35.0,5.4,10.1,7.0,7.9,102.0,130.0,2.0,2.6,0.5,1.7,300.0,360.0,600.0,1400.0,95.0,160.0,28.5,7.75,7.45,116.0,2.3,1.1,328.63353450309967,916.515138991168,123.28828005937953
2209,"GAURISAGAR TANK, GAURISAGAR, ASSAM",2023,POND,ASSAM,22.0,35.0,5.0,7.5,6.7,7.5,97.0,128.0,1.6,2.7,0.7,1.5,360.0,910.0,730.0,1500.0,110.0,340.0,28.5,6.25,7.1,112.5,2.1500000000000004,1.1,572.3635208501673,1046.4224768228175,193.39079605813717
2212,"GOPHUR TANK, GOPHUR, ASSAM",2023,POND,ASSAM,21.0,30.0,6.8,7.3,6.8,7.6,138.0,192.0,2.0,2.7,0.6,1.7,300.0,620.0,910.0,1200.0,95.0,210.0,25.5,7.05,7.199999999999999,165.0,2.35,1.15,431.2771730569565,1044.9880382090505,141.24446891825534
2227,"HARDOI PUKHURI, CHARAIDEW, ASSAM",2023,POND,ASSAM,21.0,35.0,5.7,8.1,6.7,7.5,88.0,112.0,2.0,2.8,0.6,1.1,300.0,730.0,600.0,1500.0,110.0,280.0,28.0,6.9,7.1,100.0,2.4,0.8500000000000001,467.9743582719036,948.6832980505138,175.49928774784243
2213,"JAIPAL PUKHURI, SIPAJHAR, ASSAM",2023,POND,ASSAM,20.0,34.0,7.0,7.3,6.8,7.5,136.0,178.0,2.0,2.5,0.9,1.7,300.0,920.0,730.0,1600.0,95.0,290.0,27.0,7.15,7.15,157.0,2.25,1.3,525.3570214625479,1080.7404868885037,165.98192672697832
1532,"JAYSAGAR TANK, SIVASAGAR, ASSAM",2023,POND,ASSAM,20.0,32.0,5.1,7.6,6.9,7.6,102.0,122.0,1.8,2.6,0.6,1.0,300.0,360.0,600.0,910.0,110.0,140.0,26.0,6.35,7.25,112.0,2.2,0.8,328.63353450309967,738.9181280764467,124.09673645990857
3809,JORPUKHURI AT UZANBAZAR (UGRATALA TEMPLE),2023,POND,ASSAM,20.0,31.0,5.0,7.7,6.9,7.8,322.0,364.0,2.1,2.8,0.7,5.0,300.0,940.0,1400.0,2000.0,95.0,290.0,25.5,6.35,7.35,343.0,2.45,2.85,531.0367218940702,1673.320053068151,165.98192672697832
2223,"MAHAMAYA MANDIR PUKHURI, ASSAM",2023,POND,ASSAM,22.0,35.0,5.0,5.4,6.9,7.6,94.0,126.0,1.8,2.5,0.7,1.7,300.0,620.0,720.0,1600.0,95.0,210.0,28.5,5.2,7.25,110.0,2.15,1.2,431.2771730569565,1073.312629199899,141.24446891825534
4006,NETAI PUKHURI AT NETAI PUKHURI,2023,POND,ASSAM,22.0,35.0,5.6,7.6,6.7,7.4,90.0,120.0,2.1,2.6,0.6,1.1,300.0,360.0,720.0,730.0,100.0,140.0,28.5,6.6,7.050000000000001,105.0,2.35,0.8500000000000001,328.63353450309967,724.9827584156743,118.32159566199232
2211,"PADUMPUKHURI, TEZPUR, ASSAM",2023,POND,ASSAM,20.0,34.0,6.8,7.2,6.9,7.6,186.0,240.0,2.2,2.7,0.6,1.6,300.0,730.0,600.0,1500.0,95.0,240.0,27.0,7.0,7.25,213.0,2.45,1.1,467.9743582719036,948.6832980505138,150.99668870541498
2222,"RAJADINIA PUKHURI AT ABHAYAPURI, ASSAM",2023,POND,ASSAM,23.0,38.0,5.1,5.4,6.9,7.5,132.0,156.0,2.0,2.5,0.7,2.0,300.0,620.0,910.0,1300.0,93.0,210.0,30.5,5.25,7.2,144.0,2.25,1.35,431.2771730569565,1087.6580344942981,139.7497763862254
2224,"RAJAPUKHURI AT GAURIPUR, ASSAM",2023,POND,ASSAM,22.0,35.0,5.0,5.5,6.9,7.4,110.0,150.0,2.0,2.6,0.7,1.8,300.0,620.0,730.0,1400.0,95.0,240.0,28.5,5.25,7.15,130.0,2.3,1.25,431.2771730569565,1010.9401564880089,150.99668870541498
2210,"RAJMAW PUKHURI, JORHAT, ASSAM",2023,POND,ASSAM,23.0,36.0,5.3,7.9,6.9,7.9,90.0,130.0,2.0,2.7,0.6,1.4,300.0,730.0,720.0,1100.0,110.0,270.0,29.5,6.6,7.4,110.0,2.35,1.0,467.9743582719036,889.9438184514795,172.33687939614086
3806,POND WATER FROM RAMKRISHNA MISSION AT HAILAKANDI,2023,POND,ASSAM,22.0,24.0,5.1,6.2,6.5,7.2,120.0,156.0,2.3,2.9,0.7,1.1,300.0,620.0,910.0,1400.0,95.0,210.0,23.0,5.65,6.85,138.0,2.5999999999999996,0.9,431.2771730569565,1128.716084761797,141.24446891825534
2226,"SIVASAGAR TANK (BORPUKHURI) NEAR SIVADOL, ASSAM",2023,POND,ASSAM,21.0,34.0,5.2,7.9,6.8,7.6,70.0,120.0,2.0,2.8,0.6,1.3,300.0,360.0,730.0,1100.0,100.0,1100.0,27.5,6.550000000000001,7.199999999999999,95.0,2.4,0.95,328.63353450309967,896.1026726887941,331.66247903554
2217,"SUBHAGYA KUNDA POND KAMAKHYA TEMPLE, GUWAHATI, ASSAM",2023,POND,ASSAM,20.0,32.0,5.0,8.5,6.8,7.6,240.0,278.0,2.2,2.8,0.6,1.8,300.0,910.0,1100.0,2000.0,95.0,290.0,26.0,6.75,7.199999999999999,259.0,2.5,1.2,522.4940191045253,1483.2396974191327,165.98192672697832
3775,TENGA PUKHURI AT TENGAPUKHURI,2023,POND,ASSAM,21.0,35.0,5.2,8.1,6.6,7.7,96.0,112.0,1.9,2.5,0.7,1.0,300.0,730.0,730.0,1500.0,110.0,280.0,28.0,6.65,7.15,104.0,2.2,0.85,467.9743582719036,1046.4224768228175,175.49928774784243
4334,"THOWRADOLE PUKHURI, THOWRADOLE G.P. DEMOW BLOCK",2023,POND,ASSAM,22.0,36.0,5.0,7.8,6.6,7.4,80.0,108.0,2.0,2.6,0.7,1.2,300.0,360.0,620.0,910.0,110.0,140.0,29.0,6.4,7.0,94.0,2.3,0.95,328.63353450309967,751.1324783285569,124.09673645990857
4349,"SEA WATER , BAY OF BENGAL, AFTER CONFLUENCE OF MARINE OUTFALL OF M/S. AUROBINDO PHARMA LTD. PYDIBHEEMAVARAM (V) RANASTHALAM (M)",2021,MARINE,ANDHRA PRADESH,21.0,34.0,5.0,8.0,7.2,8.1,25900.0,53500.0,1.6,2.4,0.4,1.7,4.0,7.0,64.0,95.0,,,27.5,6.5,7.65,39700.0,2.0,1.05,5.291502622129181,77.9743547584717,
4352,"SEA WAER BAY OF BENGAL, AFTER CONFLUENCE OF MARINE OUTFALL OF M/S MATRIX LABORATORIES LTD.THAMMAVAYAPALEM (V) PUSAPATIREGA (M)",2021,MARINE,ANDHRA PRADESH,25.0,32.0,5.3,8.5,7.4,8.1,34700.0,53500.0,1.6,2.5,0.3,1.8,4.0,7.0,64.0,95.0,,,28.5,6.9,7.75,44100.0,2.05,1.05,5.291502622129181,77.9743547584717,
4357,RUSHIKONDA BEACH,2021,BEACH,ANDHRA PRADESH,26.0,29.0,5.0,8.2,7.1,8.5,36800.0,53500.0,1.5,2.2,0.3,1.3,4.0,9.0,64.0,120.0,,,27.5,6.6,7.8,45150.0,1.85,0.8,6.0,87.63560920082658,
4361,"SEA WATER BAY BENGAL, UPPADA BEACH ROAD, KAKINADA",2021,BEACH,ANDHRA PRADESH,24.0,29.0,3.2,7.0,7.0,7.9,30600.0,53100.0,,2.8,0.3,3.0,3.0,7.0,49.0,93.0,,,26.5,5.1,7.45,41850.0,,1.65,4.58257569495584,67.50555532695068,
4362,"SEA WATER, BAY OF BENGAL NEAR DEEP WATER PORT, KAKINADA (1KM AWAY FROM JETTY)",2021,SEA,ANDHRA PRADESH,23.0,29.0,3.8,7.2,7.0,8.0,1120.0,50800.0,1.9,3.0,0.3,3.7,4.0,15.0,64.0,120.0,,,26.0,5.5,7.5,25960.0,2.45,2.0,7.745966692414834,87.63560920082658,
4363,"SEA WATER BAY OF BENGAL NEAR KUMBHABHISHEKAM TEMPALE, KAKINADA",2021,SEA,ANDHRA PRADESH,23.0,30.0,2.0,6.6,7.0,8.0,1020.0,46900.0,2.2,5.8,0.3,3.5,4.0,9.0,75.0,120.0,,,26.5,4.3,7.5,23960.0,4.0,1.9,6.0,94.86832980505137,
4371,"SEA WATER, BAY OF BENGAL AFTER CONFLUENCE OF RIVER VASHISTA GODAVARI AT CHINNAMAINAVANILANKA (V), NARSAPUR (M)",2021,MARINE,ANDHRA PRADESH,24.0,30.0,4.5,7.8,7.0,8.2,5030.0,51500.0,1.5,3.5,0.4,2.2,4.0,7.0,64.0,120.0,,,27.0,6.15,7.6,28265.0,2.5,1.3,5.291502622129181,87.63560920082658,
4378,"SEA WATER, BAY OF BENGAL, MANGINAPUDI BEACH, MACHILIPATNAM",2021,BEACH,ANDHRA PRADESH,25.0,30.0,3.4,5.3,7.0,7.8,35800.0,56900.0,2.0,2.8,0.8,1.3,3.0,3.0,43.0,120.0,,,27.5,4.35,7.4,46350.0,2.4,1.05,3.0,71.83313998427188,
4383,"SEA WATER BAY OF BENGAL, FISHING HARBOUR, NIZAMPATNAM",2021,MARINE,ANDHRA PRADESH,21.0,25.0,3.6,5.3,7.1,8.0,32900.0,55700.0,2.0,2.8,0.9,2.3,3.0,3.0,43.0,120.0,,,23.0,4.45,7.55,44300.0,2.4,1.5999999999999999,3.0,71.83313998427188,
4385,"SEA WATER, BAY OF BENGAL, KOTHAPATNAM BEACH",2021,BEACH,ANDHRA PRADESH,22.0,25.0,3.6,5.9,7.1,8.0,34900.0,56200.0,2.2,2.8,0.8,1.4,3.0,3.0,23.0,93.0,,,23.5,4.75,7.55,45550.0,2.5,1.1,3.0,46.24932431938871,
4386,"SEA WATER, BAY OF BENGAL, VADAREVU BEACH, CHIRALA",2021,BEACH,ANDHRA PRADESH,22.0,25.0,3.5,5.7,6.8,8.0,35600.0,56400.0,2.4,2.8,0.8,1.6,3.0,3.0,23.0,120.0,,,23.5,4.6,7.4,46000.0,2.5999999999999996,1.2000000000000002,3.0,52.53570214625479,
4387,"SEA WATER, BAY OF BENGAL, KRISHNAPATNAM PORT",2021,MARINE,ANDHRA PRADESH,18.0,23.0,3.7,5.6,7.1,8.0,34900.0,55700.0,2.4,2.8,1.0,1.3,3.0,3.0,23.0,120.0,,,20.5,4.65,7.55,45300.0,2.5999999999999996,1.15,3.0,52.53570214625479,
2267,"CREEK AT DANDO MOLLO, VELSAO, MAMUGAO",2021,CREEK,GOA,25.0,32.0,4.2,8.0,6.6,7.7,311.0,51530.0,,2.4,0.3,3.8,230.0,2300.0,1100.0,4900.0,,,28.5,6.1,7.15,25920.5,,2.05,727.3238618387272,2321.63735324878,
4013,TIRACOL BEACH,2021,BEACH,GOA,27.0,31.0,6.4,7.7,7.6,8.2,26000.0,61900.0,,1.9,0.3,0.5,13.0,240.0,49.0,920.0,,,29.0,7.050000000000001,7.8999999999999995,43950.0,,0.4,55.85696017507576,212.3205124334434,
4014,MIRAMAR BEACH,2021,BEACH,GOA,27.0,29.0,6.0,7.5,7.0,8.0,18900.0,57680.0,,2.0,0.3,0.8,23.0,240.0,33.0,350.0,,,28.0,6.75,7.5,38290.0,,0.55,74.29670248402684,107.47092630102338,
4015,CALANGUTE BEACH,2021,BEACH,GOA,27.0,30.0,6.1,7.0,6.5,7.9,31300.0,61250.0,1.1,1.9,0.3,0.3,22.0,220.0,130.0,280.0,,,28.5,6.55,7.2,46275.0,1.5,0.3,69.57010852370435,190.78784028338913,
4016,MORJIM BEACH,2021,BEACH,GOA,28.0,31.0,6.0,7.7,7.7,8.3,25800.0,58830.0,,1.9,0.3,2.4,13.0,350.0,23.0,920.0,,,29.5,6.85,8.0,42315.0,,1.3499999999999999,67.45368781616021,145.46477236774544,
4017,MOBOR BEACH,2021,BEACH,GOA,27.0,32.0,5.8,7.1,6.7,7.8,26000.0,57880.0,,1.9,0.3,0.8,22.0,240.0,33.0,540.0,,,29.5,6.449999999999999,7.25,41940.0,,0.55,72.6636084983398,133.49157276772192,
2354,"SAMARLA KOTA CANAL, KAKINADA, EAST GODAVARI",2021,CANAL,ANDHRA PRADESH,22.0,29.0,2.8,6.0,6.8,8.6,220.0,518.0,2.0,3.8,0.7,2.3,11.0,21.0,120.0,210.0,,,25.5,4.4,7.699999999999999,369.0,2.9,1.5,15.198684153570664,158.74507866387543,
2355,"TULJE BAGH CANAL, TEKRI DRAIN, KAKINADA, EAST GODAVARI",2021,CANAL,ANDHRA PRADESH,24.0,30.0,1.8,6.5,6.6,8.0,725.0,25200.0,3.8,5.2,0.8,3.9,21.0,28.0,210.0,460.0,,,27.0,4.15,7.3,12962.5,4.5,2.35,24.24871130596428,310.80540535840106,
3051,"BUDAMERU CANAL NR BDG AT NH-5, KESARAPALLY, KRISHNA",2021,CANAL,ANDHRA PRADESH,24.0,26.0,5.4,6.6,7.2,7.9,1070.0,1730.0,3.2,6.0,1.4,3.1,3.0,3.0,460.0,470.0,,,25.0,6.0,7.550000000000001,1400.0,4.6,2.25,3.0,464.9731175025068,
4356,ELERU CANAL NEAR PHARMA CITY,2021,CANAL,ANDHRA PRADESH,25.0,29.0,5.5,8.0,6.7,7.9,198.0,390.0,1.4,2.2,0.3,1.6,7.0,9.0,93.0,120.0,,,27.0,6.75,7.300000000000001,294.0,1.8,0.9500000000000001,7.937253933193772,105.64090116995405,
4370,"KRISHNA CANAL AT HANUMAN NAGAR, NEAR SAIBABA TEMPLE, ELIRU",2021,CANAL,ANDHRA PRADESH,22.0,28.0,2.3,6.5,7.1,7.7,389.0,968.0,1.6,4.2,0.8,2.0,11.0,21.0,150.0,240.0,,,25.0,4.4,7.4,678.5,2.9000000000000004,1.4,15.198684153570664,189.73665961010275,
4374,"GOSTTA NADI- VELPURU CANAL AT HANUMAN TEMPLE, DOWNSTREAM OF TANUKU TOWN, ATTILI (M)",2021,CANAL,ANDHRA PRADESH,23.0,27.0,2.2,8.5,7.0,8.1,250.0,1120.0,1.3,3.8,0.8,2.3,9.0,154.0,120.0,240.0,,,25.0,5.35,7.55,685.0,2.55,1.5499999999999998,37.22902093797257,169.7056274847714,
2057,"AGRA CANAL, MADANPUR KHADAR, DELHI",2021,CANAL,DELHI,17.0,27.0,,1.4,7.1,7.8,1015.0,1731.0,26.0,77.0,0.6,1.1,49000.0,14000000.0,790000.0,14000000.0,,,22.0,,7.449999999999999,1373.0,51.5,0.8500000000000001,828251.1696339463,3325657.829663178,
2265,"CANAL UP STREAM OF CUNCOLIM INDL.EST. CUNCOLIM, SALCETE (1 KM FROM M/S NICOMENT INDUSTRIES)",2021,CANAL,GOA,27.0,31.0,5.0,8.1,6.1,7.9,60.0,410.0,,2.8,0.3,1.6,790.0,2300.0,1300.0,3300.0,,,29.0,6.55,7.0,235.0,,0.9500000000000001,1347.9614237803692,2071.231517720798,
2266,"CANAL DOWNSTREAM OF CUNCOLIM INDL.EST. CUNCOLIM, SALCETE (NEAR RAILWAY BRIDGE)",2021,CANAL,GOA,27.0,31.0,4.5,8.0,6.4,7.8,52.0,406.0,,2.1,0.3,1.5,1300.0,3300.0,1700.0,4900.0,,,29.0,6.25,7.1,229.0,,0.9,2071.231517720798,2886.1739379323626,
2268,CUMBARJUA CANAL CORLIM(DISCHARGE POINT OF SYNGENTA LIMITED),2021,CANAL,GOA,27.0,31.0,4.2,8.1,6.1,7.7,118.0,46570.0,1.2,2.0,0.3,0.6,780.0,2200.0,1300.0,4900.0,,,29.0,6.15,6.9,23344.0,1.6,0.44999999999999996,1309.9618315050252,2523.8858928247923,
2073,"NARMADA MAIN CANAL, NR. VILLAGE. LIMBADIA, DIST. GANDHINAGAR.",2021,CANAL,GUJARAT,26.0,30.0,4.6,7.3,7.6,8.1,,322.0,,1.1,,2.1,,4.0,6.0,47.0,,,28.0,5.949999999999999,7.85,,,,,16.792855623746664,
2074,"TAPI CANAL AT VILLAGE UMARWADA, NEAR GIDC ESTATE OF PANOLI.",2021,CANAL,GUJARAT,25.0,37.0,6.6,8.9,7.8,8.5,317.0,808.0,,,,0.5,2.0,49.0,20.0,170.0,,,31.0,7.75,8.15,562.5,,,9.899494936611665,58.309518948453004,
4421,"FROM NARMADA MAIN CANAL AT INDORAHMEDABAD HIGHWAY BRIDGE NEAR VILLAGE MOTIKANTADI TAL, GODHRA, DIST PANCHMAHAL",2021,CANAL,GUJARAT,21.0,29.0,6.8,8.3,7.0,8.4,291.0,563.0,,,0.3,0.3,,7.8,21.0,70.0,,,25.0,7.550000000000001,7.7,427.0,,0.3,,38.34057902536163,
1013,RIVER SUTLEJ AT U/S TATAPANI,2021,RIVER,HIMACHAL PRADESH,8.5,15.0,8.5,9.0,7.3,8.2,1229.0,3096.0,1.0,1.0,0.32,1.34,350.0,920.0,2.0,12.0,,,11.75,8.75,7.75,2162.5,1.0,0.8300000000000001,567.4504383644443,4.898979485566356,
4446,RIVER SUTLEJ U/S LANDFILL SITE RAMPUR,2021,RIVER,HIMACHAL PRADESH,8.6,14.5,8.6,9.4,7.5,8.5,1149.0,3721.0,1.0,1.0,0.32,1.92,1600.0,350.0,2.0,94.0,,,11.55,9.0,8.0,2435.0,1.0,1.1199999999999999,748.3314773547883,13.711309200802088,
4447,RIVER STLUJ D/S LANDFILL SITE RAMPUR,2021,RIVER,HIMACHAL PRADESH,8.4,14.5,8.4,9.4,7.2,8.4,168.0,2735.0,1.0,1.0,0.32,1.92,1600.0,1600.0,2.0,110.0,,,11.45,8.9,7.800000000000001,1451.5,1.0,1.1199999999999999,1600.0,14.832396974191326,
4032,RIVER SUTLEJ U/S KHAIRIAN SOLID WASTE DUMPING SITE BILASPUR,2021,RIVER,HIMACHAL PRADESH,8.3,23.0,8.3,9.8,7.1,8.3,173.0,308.0,1.0,1.0,0.32,1.78,210.0,140.0,2.0,2.0,,,15.65,9.05,7.7,240.5,1.0,1.05,171.46428199482247,2.0,
4033,RIVER SUTLEJ D/S KHAIRIAN SOLID WASTE DUMPING SITE BILASPUR,2021,RIVER,HIMACHAL PRADESH,8.2,23.0,8.2,9.7,7.1,8.2,178.0,284.0,1.0,1.0,0.32,1.42,540.0,150.0,2.0,2.0,,,15.6,8.95,7.6499999999999995,231.0,1.0,0.87,284.60498941515414,2.0,
4450,RIVER SUTLEJ U/S CONFLUENCE WITH GANVI KHAND,2021,RIVER,HIMACHAL PRADESH,8.9,14.0,8.9,9.5,7.4,8.3,960.0,3837.0,1.0,1.0,0.32,2.12,1600.0,49.0,2.0,2.0,,,11.45,9.2,7.8500000000000005,2398.5,1.0,1.22,280.0,2.0,
4451,RIVER SUTLEJ D/S CONFLUENCE WITH GANVI KHAND,2021,RIVER,HIMACHAL PRADESH,8.9,14.0,8.9,9.5,7.1,8.2,978.0,3829.0,1.0,1.0,0.32,2.52,1600.0,220.0,2.0,5.0,,,11.45,9.2,7.6499999999999995,2403.5,1.0,1.42,593.295878967653,3.1622776601683795,
30009,RIVER SUTLEJ AT NANGAL (H.P.),2021,RIVER,HIMACHAL PRADESH,9.0,25.0,9.0,9.6,7.1,7.7,207.0,293.0,2.0,2.0,0.32,0.72,20000.0,490.0,8.0,330.0,,,17.0,9.3,7.4,250.0,2.0,0.52,3130.4951684997054,51.38093031466052,
1014,RIVER SUTLEJ AT U/S SLAPPER,2021,RIVER,HIMACHAL PRADESH,8.2,21.0,8.2,9.7,7.3,8.1,110.0,287.0,1.0,1.0,0.32,0.77,79.0,170.0,2.0,2.0,,,14.6,8.95,7.699999999999999,198.5,1.0,0.545,115.88787684654508,2.0,
1015,RIVER SUTLEJ AT D/S SLAPPER,2021,RIVER,HIMACHAL PRADESH,8.5,21.0,8.5,9.6,7.2,8.0,111.0,262.0,1.0,1.0,0.32,1.12,140.0,210.0,2.0,2.0,,,14.75,9.05,7.6,186.5,1.0,0.7200000000000001,171.46428199482247,2.0,
1016,RIVER SUTLEJ AT D/S BHAKHRA,2021,RIVER,HIMACHAL PRADESH,8.2,26.0,8.2,9.4,7.0,7.9,185.0,261.0,1.0,1.0,0.3,5.1,2.0,22.0,2.0,2.0,,,17.1,8.8,7.45,223.0,1.0,2.6999999999999997,6.6332495807108,2.0,
30010,RIVER SUTLEJ AT NOORPUR BEDI ROAD (PUNJAB),2021,RIVER,PUNJAB,8.9,26.0,8.9,10.2,7.1,7.7,218.0,299.0,2.0,2.0,0.32,0.72,54000.0,1400.0,11.0,540.0,,,17.45,9.55,7.4,258.5,2.0,0.52,8694.826047713663,77.07139547199077,
1814,"RIVER SUTLEJ AT D/S KIRATPUR SAHIB, PUNJAB",2021,RIVER,PUNJAB,7.3,22.0,7.3,10.1,7.5,8.6,198.0,281.0,1.0,1.0,1.2,1.8,330.0,310.0,,,,,14.65,8.7,8.05,239.5,1.0,1.5,319.8437118343895,,
3052,"GUNTATHIPPA DRAIN B/C WITH RIVES CANAL AT RAMAVARAPPADU, VIJAYAWADA TOWN",2023,DRAIN,ANDHRA PRADESH,22.0,25.0,0.3,1.8,6.9,7.9,1548.0,2280.0,17.8,37.0,5.5,8.8,440.0,470.0,2300.0,5200.0,21.0,,23.5,1.05,7.4,1914.0,27.4,7.15,454.7526800360829,3458.3232931581165,
3053,"TULIA BAGH DRAIN AT MATLAPALEM (V), VEMULAVADA (M)",2023,DRAIN,ANDHRA PRADESH,24.0,26.0,4.9,6.9,6.7,7.6,525.0,24500.0,2.4,3.6,0.8,3.3,3.0,20.0,75.0,460.0,4.0,,25.0,5.9,7.15,12512.5,3.0,2.05,7.745966692414834,185.7417562100671,
4861,"NEAR HUDA/ HSVP WATER WORKS, BASAI, GURUGRAM",2023,WATER TREATMENT PLANT (RAW WATER),HARYANA,22.0,30.0,7.0,7.7,7.0,7.8,1010.0,1210.0,1.0,1.0,0.3,0.3,80.0,160.0,1900.0,2900.0,2.0,,26.0,7.35,7.4,1110.0,1.0,0.3,113.13708498984761,2347.3389188611004,
3047,WATER WORKS- GURGAON,2023,WATER TREATMENT PLANT (RAW WATER),HARYANA,26.0,32.0,7.0,7.3,7.2,8.0,1120.0,1640.0,1.0,1.0,0.3,0.3,110.0,310.0,2700.0,5100.0,2.0,,29.0,7.15,7.6,1380.0,1.0,0.3,184.66185312619388,3710.7950630558944,
4464,ALHI KHAD NEAR INTAKE WSS AT VILL. NOG,2023,DRAIN,HIMACHAL PRADESH,12.0,29.0,8.2,9.3,6.9,8.2,286.0,470.0,1.0,1.0,0.3,2.6,22.0,84.0,130.0,540.0,2.0,,20.5,8.75,7.55,378.0,1.0,1.45,42.988370520409354,264.9528259898354,
3868,BARAGRAM NALLAH BEFORE CONFLUENCE TO RIVER BEAS,2023,DRAIN,HIMACHAL PRADESH,1.0,13.0,7.5,8.9,6.8,8.0,50.0,106.0,1.0,1.0,0.3,0.7,21.0,58.0,58.0,280.0,2.0,,7.0,8.2,7.4,78.0,1.0,0.5,34.899856733230294,127.43625857659192,
3881,"BHATIAN NALLAH D/S SARA TEXTILE, NALAGARH",2023,DRAIN,HIMACHAL PRADESH,12.0,28.0,3.9,6.1,7.6,8.0,678.0,5130.0,1.0,20.0,1.2,10.9,2.0,1600.0,26.0,1600.0,2.0,,20.0,5.0,7.8,2904.0,10.5,6.05,56.568542494923804,203.9607805437114,
3879,"BHATIAN NALLAH U/S BHATIAN VILLAGE, NEAR TVS INDUSTRY, NALAGARH",2023,DRAIN,HIMACHAL PRADESH,11.0,26.0,0.3,6.2,7.1,8.1,670.0,7530.0,1.2,90.0,0.6,7.2,7.0,1600.0,130.0,1600.0,2.0,,18.5,3.25,7.6,4100.0,45.6,3.9,105.83005244258362,456.0701700396552,
4425,RAW WATER FOR LWSS OF CHURAT NALLAH,2023,DRAIN,HIMACHAL PRADESH,8.0,15.0,7.8,9.2,7.5,8.3,102.0,231.0,1.0,1.0,0.3,4.0,7.0,70.0,26.0,1600.0,2.0,,11.5,8.5,7.9,166.5,1.0,2.15,22.135943621178654,203.9607805437114,
4463,DHANESHAR NALLAH (U/S SAINJ WATER SUPPLY SCHEME) NEAR GYASI MATA MANDIR,2023,DRAIN,HIMACHAL PRADESH,9.0,19.0,7.1,8.2,7.9,8.4,114.0,766.0,1.0,1.0,0.3,2.2,9.0,39.0,20.0,1600.0,2.0,,14.0,7.6499999999999995,8.15,440.0,1.0,1.25,18.734993995195193,178.88543819998318,
4474,HALOG NALLAH NEAR HALOG WATER SUPPLY SCHEME,2023,DRAIN,HIMACHAL PRADESH,8.0,13.0,9.4,9.6,7.6,8.3,97.0,347.0,1.0,1.0,0.4,1.4,2.0,170.0,7.0,1600.0,2.0,,10.5,9.5,7.95,222.0,1.0,0.8999999999999999,18.439088914585774,105.83005244258362,
4481,HATHLI NALLAH LIFT WATER SUPPLY SCHEME FOR MUNICIPAL COUNCIL HAMIRPUR,2023,DRAIN,HIMACHAL PRADESH,19.0,28.0,7.6,8.5,6.6,7.9,278.0,680.0,1.0,2.3,0.3,8.5,2.0,6.0,21.0,47.0,2.0,,23.5,8.05,7.25,479.0,1.65,4.4,3.4641016151377544,31.416556144810016,
5253,"HURLA NALLA D/S HURLA BRIDGE, VPO HURLA, TEHSIL BHUNTER, DIS. KULLU",2023,DRAIN,HIMACHAL PRADESH,5.0,18.0,7.3,8.3,7.1,8.5,60.0,155.0,1.0,1.0,0.3,0.7,31.0,94.0,140.0,540.0,2.0,,11.5,7.800000000000001,7.8,107.5,1.0,0.5,53.98147830506312,274.9545416973504,
4426,RAW WATER FOR LWSS OF JAGROTI NALLAH,2023,DRAIN,HIMACHAL PRADESH,8.0,14.0,7.6,9.3,7.6,8.3,92.0,156.0,1.0,1.0,0.3,1.0,2.0,130.0,2.0,1600.0,2.0,,11.0,8.45,7.95,124.0,1.0,0.65,16.1245154965971,56.568542494923804,
4454,JARANGLA NALLAH U/S WATER SUPPLY SCHEME,2023,DRAIN,HIMACHAL PRADESH,8.0,15.0,8.8,9.4,7.5,8.3,110.0,485.0,1.0,1.0,0.4,5.3,2.0,20.0,23.0,3500.0,2.0,,11.5,9.100000000000001,7.9,297.5,1.0,2.85,6.324555320336759,283.72521918222213,
4466,JARANGLA NALLAH D/S WATER SUPPLY SCHEME,2023,DRAIN,HIMACHAL PRADESH,8.0,15.0,8.8,9.4,7.5,8.4,112.0,524.0,1.0,1.0,0.4,4.2,2.0,20.0,33.0,3500.0,2.0,,11.5,9.100000000000001,7.95,318.0,1.0,2.3000000000000003,6.324555320336759,339.8529093593286,
5257,"KALAM NALLA D/S OF MSW PROCESSING SITE AT CHOWRI, DIST. CHAMBA",2023,DRAIN,HIMACHAL PRADESH,10.0,16.0,8.5,9.1,7.0,8.1,125.0,282.0,1.0,1.0,0.5,2.0,2.0,22.0,47.0,1600.0,2.0,,13.0,8.8,7.55,203.5,1.0,1.25,6.6332495807108,274.22618401604177,
4477,KHALADA NALLAH NEAR WATER SUPPLY SCHEME FOR KULLU TOWN,2023,DRAIN,HIMACHAL PRADESH,2.0,18.0,7.8,8.8,7.2,8.0,67.0,230.0,1.0,1.0,0.3,2.9,32.0,110.0,140.0,920.0,2.0,,10.0,8.3,7.6,148.5,1.0,1.5999999999999999,59.329587896765304,358.8871688985272,
4455,KLUIN NALLAH U/S WATER SUPPLY SCHEME,2023,DRAIN,HIMACHAL PRADESH,8.0,13.0,9.0,9.5,7.0,8.2,77.0,496.0,1.0,1.0,0.3,1.7,2.0,40.0,94.0,3500.0,2.0,,10.5,9.25,7.6,286.5,1.0,1.0,8.94427190999916,573.5852159879995,
4482,LIFT WATER SUPPLY SCHEME (PANJARAR) AND BHOTA ROPARI & UJHAN,2023,DRAIN,HIMACHAL PRADESH,19.0,28.0,7.5,8.5,6.5,8.1,312.0,689.0,1.0,2.1,0.3,1.6,2.0,4.0,17.0,70.0,2.0,,23.5,8.0,7.3,500.5,1.55,0.9500000000000001,2.8284271247461903,34.49637662132068,
4036,"KUNNI PUL, VILL SAMAHU, PO KUNIHAR, TEHSIL ARKI",2023,DRAIN,HIMACHAL PRADESH,10.0,15.0,7.4,7.8,7.9,8.4,231.0,3640.0,1.0,1.8,1.2,5.3,2.0,12.0,21.0,350.0,2.0,,12.5,7.6,8.15,1935.5,1.4,3.25,4.898979485566356,85.73214099741124,
4430,LIFT NALLAH BEFORE CONFLUENCE TO ASHWANI KHAD NEAR DOGRHA BRIDGE,2023,DRAIN,HIMACHAL PRADESH,9.0,23.0,6.4,8.1,5.9,8.3,83.0,828.0,1.5,12.0,0.3,6.9,17.0,350.0,540.0,1600.0,7.0,,16.0,7.25,7.1000000000000005,455.5,6.75,3.6,77.13624310270757,929.51600308978,
4475,"MACHADA NALLAH, MAJHOUTI WATER SUPPLY SCHEME NEAR NIRATH",2023,DRAIN,HIMACHAL PRADESH,8.0,13.0,9.3,9.7,7.5,8.3,116.0,359.0,1.0,1.0,0.3,2.3,7.0,170.0,21.0,1600.0,2.0,,10.5,9.5,7.9,237.5,1.0,1.2999999999999998,34.49637662132068,183.3030277982336,
4476,MANALSU NALLAH NEAR WATER SUPPLY SCHEME FOR MANALI TOWN,2023,DRAIN,HIMACHAL PRADESH,3.0,12.0,8.0,9.2,6.6,8.5,33.0,76.0,1.0,1.0,0.3,0.7,26.0,140.0,84.0,540.0,2.0,,7.5,8.6,7.55,54.5,1.0,0.5,60.332412515993425,212.9788721915862,
4034,SAHU NALLAH U/S BHURI SINGH SHEP,2023,DRAIN,HIMACHAL PRADESH,8.0,15.0,8.8,9.7,7.6,8.2,130.0,286.0,1.0,1.0,0.5,3.1,2.0,68.0,94.0,5400.0,2.0,,11.5,9.25,7.8999999999999995,208.0,1.0,1.8,11.661903789690601,712.460525222275,
4035,SAHU NALLAH D/S BHURI SINGH SHEP,2023,DRAIN,HIMACHAL PRADESH,8.0,14.0,8.5,9.7,7.5,8.2,129.0,292.0,1.0,1.0,0.6,2.6,2.0,93.0,63.0,9200.0,2.0,,11.0,9.1,7.85,210.5,1.0,1.6,13.638181696985855,761.3146524269712,
4462,SAINJ NALLAH (U/S SAINJ WATER SUPPLY SCHEME AT DARGI),2023,DRAIN,HIMACHAL PRADESH,9.0,19.0,7.0,8.2,7.6,8.4,104.0,682.0,1.0,1.0,0.3,2.6,5.0,34.0,26.0,1600.0,2.0,,14.0,7.6,8.0,393.0,1.0,1.45,13.038404810405298,203.9607805437114,
3867,SARVARI NALLAH BEFORE CONFLUENCE TO RIVER BEAS,2023,DRAIN,HIMACHAL PRADESH,3.0,18.0,7.6,8.5,7.2,7.9,110.0,218.0,1.0,1.0,0.3,1.6,22.0,150.0,79.0,540.0,2.0,,10.5,8.05,7.550000000000001,164.0,1.0,0.9500000000000001,57.445626465380286,206.54297373670207,
1870,"SUKHANA NALLAH AT PARWANOO NEAR KALKA BARRIER, EXIT POINT OF H. P.",2023,DRAIN,HIMACHAL PRADESH,8.0,11.0,4.3,8.7,7.4,8.3,253.0,1284.0,1.0,26.0,0.5,15.7,2.0,1600.0,21.0,1600.0,2.0,,9.5,6.5,7.8500000000000005,768.5,13.5,8.1,56.568542494923804,183.3030277982336,
3875,SURAJMUKHI NALLAH U/S WSS GALAYANA D/S OF SHOOLINI UNIVERSITY,2023,DRAIN,HIMACHAL PRADESH,7.0,9.0,7.2,8.8,7.7,8.3,223.0,853.0,1.0,7.5,2.8,10.4,2.0,33.0,24.0,540.0,2.0,,8.0,8.0,8.0,538.0,4.25,6.6,8.12403840463596,113.84199576606166,
4480,SURAJMUKHI NALLAH D/S STP AT U/S OF SHOOLINI UNIVERSITY SAMTI SOLAN,2023,DRAIN,HIMACHAL PRADESH,6.0,8.0,6.8,8.5,7.7,8.3,221.0,824.0,1.0,2.6,1.9,8.8,2.0,24.0,26.0,350.0,2.0,,7.0,7.65,8.0,522.5,1.8,5.3500000000000005,6.928203230275509,95.39392014169457,
2789,"NALA AT D/S OF AKLAI MANDIR, VILLAGE- AKLAI, TALUKA- MALSHIRAS, DISTRICT- SOLAPUR.",2023,DRAIN,MAHARASHTRA,26.0,36.0,4.4,5.2,7.2,8.1,1245.0,1750.0,7.2,13.0,0.3,2.4,20.0,150.0,150.0,900.0,7.0,,31.0,4.800000000000001,7.65,1497.5,10.1,1.3499999999999999,54.772255750516614,367.4234614174767,
2178,"CHIKHALI NALA MEETS GODAVARI RIVER, VILLAGE- CHIKHALI, TALUKA- NASHIK, DISTRICT- NASHIK.",2023,DRAIN,MAHARASHTRA,20.0,29.0,0.3,6.0,7.4,8.0,762.0,1066.0,3.0,18.0,0.7,4.9,4.0,170.0,45.0,180.0,2.0,,24.5,3.15,7.7,914.0,10.5,2.8000000000000003,26.076809620810597,90.0,
2790,"PIMPAL-PANERI NALA AT RATNAGIRI NEAR FINOLEX INDUSTRIES, VILLAGE- YAHGANIGAON, TALUKA- RATNAGIRI, DISTRICT- RATNAGIRI.",2023,DRAIN,MAHARASHTRA,26.0,31.0,7.0,7.9,6.0,7.2,245.0,5476.0,1.8,3.0,0.3,1.7,6.0,11.0,21.0,43.0,2.0,,28.5,7.45,6.6,2860.5,2.4,1.0,8.12403840463596,30.04995840263344,
3923,GURADIH NALLAH AT PANPOSH,2023,DRAIN,ODISHA,23.0,31.0,1.2,6.8,6.9,7.7,328.0,717.0,4.3,8.0,0.3,9.7,3300.0,54000.0,7900.0,160000.0,13.0,,27.0,4.0,7.300000000000001,522.5,6.15,5.0,13349.157276772194,35552.77766926235,
20046,MADURAI,2023,STP,TAMIL NADU,25.0,39.0,0.3,6.0,6.7,7.9,1357.0,1563.0,4.0,18.0,0.3,1.0,2.0,11000.0,2.0,22000.0,2.0,,32.0,3.15,7.300000000000001,1460.0,11.0,0.65,148.32396974191326,209.76176963403032,
3054,"RIVER GODAVARI - OUTLET OF ASH POND EFFLUENTS OF M/S.NTPC, RAMAGUNDAM",2023,DRAIN,TELANGANA,25.0,29.0,1.6,6.0,8.5,11.2,599.0,1043.0,1.0,5.4,0.9,3.8,2.0,17.0,17.0,280.0,2.0,,27.0,3.8,9.85,821.0,3.2,2.35,5.830951894845301,68.99275324264136,
4665,"RIVER MANERU (TRIBUTARY OF GODAVARI) - OUTLET OF KTPP ASH POND JOINING TO MORANCHA VAGU, CHELPUR (V), GHANPUR (MULUGU) (M), , JAYASHANKAR BHUPALAPALLI DISTRICT",2023,DRAIN,TELANGANA,25.0,28.0,2.8,6.1,7.5,8.8,522.0,856.0,1.8,3.2,0.4,17.0,2.0,2.0,26.0,58.0,2.0,,26.5,4.449999999999999,8.15,689.0,2.5,8.7,2.0,38.8329756778952,
3055,"AMBERPET STP (339 MLD) - OUTLET , AMBERPET (V&M), HYDERABAD",2023,STP,TELANGANA,25.0,31.0,0.9,4.6,6.9,8.2,1322.0,1659.0,4.4,30.0,4.2,8.0,4.0,46.0,220.0,920.0,2.0,,28.0,2.75,7.55,1490.5,17.2,6.1,13.564659966250536,449.8888751680797,
3050,WATER WORKS- GHAZIABAD,2023,WATER TREATMENT PLANT (RAW WATER),UTTAR PRADESH,18.0,26.0,0.3,11.0,7.1,7.5,160.0,201.0,1.0,1.0,0.3,0.3,2.0,2.0,2.0,2.0,2.0,,22.0,5.65,7.3,180.5,1.0,0.3,2.0,2.0,
